{"current":{"sections":{"header":{"type":"header","settings":{"align_logo":"left","logo":"shopify:\/\/shop_images\/gh-logo-molly-blue_410x_a124ee58-2e5e-4ce5-8954-2c1bc3b70e93.png","logo_max_width":150,"main_linklist":"main-menu","newarrival_logo":"shopify:\/\/shop_images\/ezgif-7-2b30531f52ca.png","newarrival_text":"NEW ARRIVALS","newarrival_link":"#","popular_bland_logo":"shopify:\/\/shop_images\/ezgif-7-7f866166ccae.png","popular_bland_text":"POPULAR BLENDS","popular_bland_link":"#","message":true,"home_page_only":false,"message_text":"FREE SHIPPING ON DOMESTIC ORDERS OVER $50","message_link":"","color_bg":"#1f334f","color_text":"#ffffff"}},"hero-1":{"type":"hero","settings":{"image":"shopify:\/\/shop_images\/grounds_hounds_april_20211193_copy_1900x.progressive_710514c8-47b4-4ce6-bf99-314acc32c6c5.jpg","alignment":"center","hero_layout":"full_width","hero_size":"large","text_size":"large","small_title":"Great Coffee. Greater Purpose.","title":"OUR MISSION","text":"<p>At Grounds & Hounds Coffee Co.®, we are committed to using a portion of profits from every sale to support animal rescue organizations providing safe-havens for pups between homes. <strong>Great coffee should fuel a greater purpose!<\/strong><br\/><\/p>","button_label":"LEARN MORE","button_link":"#","button_label_two":"","button_link_two":""}},"feature-row":{"type":"feature-row","disabled":true,"settings":{"layout":"left","title":"Image with text","text":"<p>Pair large text with an image to give focus to your chosen product, collection, or blog post. Add details on availability, style, or even provide a review.<\/p>","button_label":"","button_link":""}},"feature-columns":{"type":"feature-columns","disabled":true,"blocks":{"feature-columns-0":{"type":"text_block","settings":{"enable_image":true,"title":"Add a title or tagline","text":"<p>Share blog posts, products, or promotions with your customers. Use this text to describe products, share details on availability and style, or as a space to display recent reviews or FAQs.<\/p>","button_label":"","button_link":""}},"feature-columns-1":{"type":"text_block","settings":{"enable_image":true,"title":"Add a title or tagline","text":"<p>Share blog posts, products, or promotions with your customers. Use this text to describe products, share details on availability and style, or as a space to display recent reviews or FAQs.<\/p>","button_label":"","button_link":""}},"feature-columns-2":{"type":"text_block","settings":{"enable_image":true,"title":"Add a title or tagline","text":"<p>Share blog posts, products, or promotions with your customers. Use this text to describe products, share details on availability and style, or as a space to display recent reviews or FAQs.<\/p>","button_label":"","button_link":""}}},"block_order":["feature-columns-0","feature-columns-1","feature-columns-2"],"settings":{"title":"","align_text":"left"}},"collection":{"type":"collection","settings":{"title":"FEATURED PRODUCTS","collection":"featured-products","grid":4,"rows":2,"show_vendor":false,"show_view_all":true}},"hero-2":{"type":"hero","settings":{"image":"shopify:\/\/shop_images\/20191025_GroundsHounds_Doorway_11242_1900x.progressive_9d83c93f-4db5-4de7-9abc-be7058875a10.jpg","alignment":"center","hero_layout":"full_width","hero_size":"large","text_size":"large","small_title":"Fresh Coffee Delivered to Your Doorstep","title":"SHOP GIFTS & MORE","text":"","button_label":"Gifts","button_link":"#","button_label_two":"Subscriptions","button_link_two":"#"}},"quotes":{"type":"quotes","disabled":true,"blocks":{"quotes-0":{"type":"quote","settings":{"quote":"<p>Add customer reviews and testimonials to showcase your store’s happy customers.<\/p>","author":"Author's name"}},"quotes-1":{"type":"quote","settings":{"quote":"<p>Add customer reviews and testimonials to showcase your store’s happy customers.<\/p>","author":"Author's name"}},"quotes-2":{"type":"quote","settings":{"quote":"<p>Add customer reviews and testimonials to showcase your store’s happy customers.<\/p>","author":"Author's name"}}},"block_order":["quotes-0","quotes-1","quotes-2"],"settings":{"title":""}},"image-bar":{"type":"image-bar","disabled":true,"blocks":{"image-bar-0":{"type":"image","disabled":true,"settings":{"alignment":"center","link":"","cta_label":""}},"image-bar-1":{"type":"image","settings":{"alignment":"center","link":"","cta_label":""}},"image-bar-2":{"type":"image","settings":{"alignment":"center","link":"","cta_label":""}}},"block_order":["image-bar-0","image-bar-1","image-bar-2"],"settings":{"section_height":"medium"}},"footer":{"type":"footer","blocks":{"9f38217b-e5e3-4e4f-b556-79af1dfa87a9":{"type":"text","settings":{"title":"","text":"<p><\/p><p>Share store details, promotions, or brand content with your customers.<\/p>"}},"footer-0":{"type":"link_list","settings":{"title":"Help & Support","menu":"footer"}},"282433d8-1747-42e2-b391-016a6e37eaa0":{"type":"text","settings":{"title":"Mission","text":"<p>We are committed to using the sale of the best organic and eco-friendly specialty coffees to support rescue organizations providing safe-havens for pups between homes.<\/p>"}},"d40d20e6-5fd7-4353-a28a-0459540677f9":{"type":"text","settings":{"title":"Impact","text":"<p>20% of all Grounds & Hounds profits help fund rescue initiatives.<br\/><br\/>Questions? Email us at <br\/><a href=\"mailto:info@groundsandhoundscoffee.com\" target=\"_blank\" title=\"mailto:info@groundsandhoundscoffee.com\">info@groundsandhoundscoffee.com<\/a><br\/><br\/><\/p>"}}},"block_order":["9f38217b-e5e3-4e4f-b556-79af1dfa87a9","footer-0","282433d8-1747-42e2-b391-016a6e37eaa0","d40d20e6-5fd7-4353-a28a-0459540677f9"],"settings":{"show_payment_icons":true,"color_footer_bg":"#13243b","color_footer_text":"#6b6b6b","show_locale_selector":true,"show_currency_selector":true}},"1629825648ffdba011":{"type":"slideshow","blocks":{"1629825648ffdba011-0":{"type":"image","settings":{"image":"shopify:\/\/shop_images\/grounds_hounds_april_20210614_1900x.progressive_0127c840-434a-4d20-908f-9cd8dee46c87.jpg","alignment":"center center","slide_title":"EVERY CUP HELPS A PUP","subheading":"GROUNDS & HOUNDS COFFEE CO.","button_label":"SHOP ALL","button_link":"#","button_label_two":"COFFEE CLUB","button_link_two":"#"}},"1629825648ffdba011-1":{"type":"image","disabled":true,"settings":{"alignment":"center center","slide_title":"Image slide","subheading":"Tell your brand's story through images","button_label":"","button_link":"","button_label_two":"","button_link_two":""}}},"block_order":["1629825648ffdba011-0","1629825648ffdba011-1"],"settings":{"slideshow_height":"large","text_size":"medium","text_alignment":"center center","show_overlay":false,"autorotate":false,"autorotate_speed":3}},"16301442424e94c5c8":{"type":"newsletter","settings":{"section_title":"JOIN THE CREW & SAVE 10%","subheading":"<p><\/p><p><\/p><p><strong>Receive 10% off your first order<\/strong><\/p>","show_background":true}},"1630148093af520ecf":{"type":"featured-blog","settings":{"title":"RECENT POSTS","blog":"news","post_limit":3,"blog_show_author":false,"blog_show_date":true,"show_view_all":true}},"16301573077fe02777":{"type":"rich-text","settings":{"full_width":true,"section_title":"TAG YOUR PUP WITH #GROUNDSANDHOUNDS","text":"<p><br\/>Follow us on Instagram <a href=\"https:\/\/instagram.com\/groundsandhounds\/\" target=\"_blank\" title=\"https:\/\/instagram.com\/groundsandhounds\/\">@groundsandhounds<\/a><br\/><br\/><\/p>","text_size":"medium"}},"16301609291f7f6856":{"type":"instafeed","settings":{"heading_font":"oswald_n4","heading_size":30,"feed_width":100,"html_area":""}},"16303493416c94a4c2":{"type":"hero-image-section","settings":{"hero_img_one_img":"shopify:\/\/shop_images\/GH-GridMenu-Vertical-Impact-2_1024x1024_ee891dd2-67df-4cf1-a4b8-ca9f4bacbd03.jpg","hero_img_one_link":"shopify:\/\/collections\/all","hero_img_two_img":"shopify:\/\/shop_images\/GH-GridMenu-Square-Coffee_600x600_4fa8b314-98da-4922-93d0-3f293e47f77f.jpg","hero_img_two_link":"shopify:\/\/collections\/frontpage","hero_img_three_img":"shopify:\/\/shop_images\/GH-GridMenu-Square-Drinkware_600x600_5ba722ec-748b-4cc1-9098-b7cad7bf2c15.jpg","hero_img_thre_link":"shopify:\/\/collections","hero_img_four_img":"shopify:\/\/shop_images\/GH-GridMenu-Square-Apparel_600x600_08c35f5d-b377-4455-a6fc-bc94fc2e1b43.jpg","hero_img_four_link":"shopify:\/\/collections\/featured-products","hero_img_five_img":"shopify:\/\/shop_images\/GH-GridMenu-Square-HomeLiving_600x600_0837b970-35eb-4f29-8c1e-d0d556a97e36.jpg","hero_img_five_link":"shopify:\/\/collections"}},"subscription-banner":{"type":"subscription-banner","settings":{"image":"shopify:\/\/shop_images\/COFFEECLUB-newpage-sean_copy_1900x.progressive_db2dcddf-7460-4365-bd05-d3eb493c3194.jpg","alignment":"center","hero_layout":"full_width","hero_size":"x-large","text_size":"medium","small_title":"","title":"","text":"","button_label":"","button_link":"","button_label_two":"","button_link_two":""}},"subscription-bottom-banner":{"type":"subscription-bottom-banner","settings":{"image":"shopify:\/\/shop_images\/Grounds-and-Hounds-Coffee-11.13.195169_1900x.progressive_8796e48a-a0ad-40b1-8224-b869297bff5b.jpg","alignment":"center","hero_layout":"full_width","hero_size":"large","text_size":"medium","small_title":"","title":"Join the Crew, Fuel the Mission!","text":"<p>Become a Superhero, one cup and one pup at a time! <br\/><br\/><\/p>","button_label":"Join Here!","button_link":"#","button_label_two":"","button_link_two":""}},"subscription-img-text":{"type":"subscription-img-text","settings":{"image":"shopify:\/\/shop_images\/03_Loveable_-_Pit_Crew_-_Pirate_755x_d3eef1a9-07b3-4149-a049-e4e78ed0ec2c.jpg","layout":"right","title":"MORE THAN A COFFEE COMPANY","text":"<p><br\/>Beyond creating the best cup of coffee possible, Grounds & Hounds was created with an overarching purpose in mind; provide every at-risk pup with a second chance at a full life. Through the sale of our fair trade, organic, specialty coffees we support animal rescue initiatives and organizations who provide a second chance for pups in need. Every cup you brew moves us one step closer to a no-kill society. All Grounds & Hounds coffee is 100% Arabica, specialty grade coffee, seasonally sourced from top growing regions around the world. Our coffee is skillfully roasted in small batches to create the ideal roast for your perfect brew. We hope every coffee sipping, rescue loving, pet parent joins us in changing the world one cup and one pup at a time!<br\/><br\/><\/p>","button_label":"JOIN NOW","button_link":"#"}},"subscription-feature-col":{"type":"subscription-feature-col","blocks":{"b60c43fa-3de6-4f69-832a-209fde775896":{"type":"text_block","settings":{"enable_image":true,"image":"shopify:\/\/shop_images\/wholebean_150x_4f17c509-bee9-402b-8594-83e283e509dc.png","title":"Select Your Style","text":"<p>Enjoy your choice of whole bean, ground, or single serve pod coffee at a discounted price.<br\/><br\/><\/p>","button_label":"","button_link":""}},"4bb0be71-acdf-4d76-b236-05a946deaa94":{"type":"text_block","settings":{"enable_image":true,"image":"shopify:\/\/shop_images\/bags_150x_b574c03e-e369-40d6-ad00-5ae7e2f17db5.png","title":"Choose Your Brew","text":"<p>Select your favorite Grounds & Hounds coffee, or trust us to send a new favorite each month!<\/p>","button_label":"","button_link":""}},"cfc084af-cbc8-43c5-a278-48b5b0b84357":{"type":"text_block","settings":{"enable_image":true,"image":"shopify:\/\/shop_images\/calendar_150x_145eec03-e8a5-4e4b-9591-e8095f6bfddf.png","title":"Set the Quantity & Frequency","text":"<p>Choose how much coffee you need and how often.<br\/><br\/><\/p>","button_label":"","button_link":""}},"c743c8ae-1c83-435f-bc0e-437ce10fb2c5":{"type":"text_block","settings":{"enable_image":true,"image":"shopify:\/\/shop_images\/box_150x_be89b202-e6bb-4cd5-9a88-72608250fa02.png","title":"Your Coffee Is on Its Way","text":"<p>Enjoy your favorite brew and update your subscription at any time.<br\/><br\/><\/p>","button_label":"","button_link":""}}},"block_order":["b60c43fa-3de6-4f69-832a-209fde775896","4bb0be71-acdf-4d76-b236-05a946deaa94","cfc084af-cbc8-43c5-a278-48b5b0b84357","c743c8ae-1c83-435f-bc0e-437ce10fb2c5"],"settings":{"title":"4 EASY STEPS","subbutton_label":"JOIN NOW","subbutton_link":"shopify:\/\/pages\/contact","align_text":"center"}},"subscription-feature-col-2":{"type":"subscription-feature-col-2","blocks":{"05ba303f-48ea-4a66-a349-990c4ecb4ca7":{"type":"text_block","settings":{"enable_image":false,"title":"Shawn B.","text":"<p>\"Ordered some Grounds and Hounds coffee. It's delicious! So good!! Their coffee is ORGANIC, and helps dogs! Win\/win!\"<br\/><br\/><\/p>","button_label":"","button_link":""}},"6b8b21f4-dfad-4a0d-85b5-486d2c3bd978":{"type":"text_block","settings":{"enable_image":false,"title":"Marcie D.","text":"<p>“Your coffee is amazing! I love the Sit & Stay! Milk Chocolate, Clove, Black Cherry and Marshmallow! Hello Morning! And all helping to rescue doggies! Win, Win! And your customer service is superior!”<br\/><br\/><\/p>","button_label":"","button_link":""}},"6c2167ad-5578-4b40-953d-885f9367ee43":{"type":"text_block","settings":{"enable_image":false,"title":"Diana W.","text":"<p>“Tried the Paper & Slippers blend I ordered w\/the great Puppy Bowl blend. Absolutely LOVE this blend too! I believe now, this is my favorite! But I say that about all of them I have tried! Wonderful coffee!!! And the fact proceeds go to an awesome cause helping rescue animals!”<br\/><br\/><\/p>","button_label":"","button_link":""}},"a3d5df29-c742-471b-817a-92c0a87d4ee3":{"type":"text_block","settings":{"enable_image":false,"title":"Bonnie Z.","text":"<p>“Best cup of coffee ever. I'm in LOVE with your roasts. I want to order some for the office, but I don't really want to share it with anyone.”<br\/><br\/><\/p>","button_label":"","button_link":""}}},"block_order":["05ba303f-48ea-4a66-a349-990c4ecb4ca7","6b8b21f4-dfad-4a0d-85b5-486d2c3bd978","6c2167ad-5578-4b40-953d-885f9367ee43","a3d5df29-c742-471b-817a-92c0a87d4ee3"],"settings":{"title":"THIS IS WHY WE DO WHAT WE DO","subbutton_label":"","subbutton_link":"","align_text":"left"}},"subscription-hero-img-text":{"type":"subscription-hero-img-text","blocks":{"6217dafa-9e14-4f91-8197-d170e8ed17d9":{"type":"text_block","settings":{"enable_image":true,"image":"shopify:\/\/shop_images\/GH-PressLogos-Fall2020_1050x_800393e4-4265-4994-991d-6717005834c7.jpg","title":"","text":"","button_label":"","button_link":""}}},"block_order":["6217dafa-9e14-4f91-8197-d170e8ed17d9"],"settings":{"title":"Featured In:","subbutton_label":"","subbutton_link":"","align_text":"center"}},"subscription-faq":{"type":"subscription-faq","blocks":{"4108375c-de46-456b-9792-cf16c2f521cb":{"type":"header","settings":{"header":"FREQUENTLY ASKED QUESTIONS"}},"b6f3f8f6-2fd9-421b-aa52-a151b6d6b3ba":{"type":"slide","settings":{"id":1,"question":"I am going on vacation. Can I skip a delivery interval?","answer":"Yes! If you are going on vacation, or need to skip a delivery for any reason, you can manage this in Grounds & Hounds customer account.\n\nSteps:\n\n1) Log into your Grounds & Hounds account and click on the Manage Subscriptions link under your name.\n\n2) To skip a delivery, click on the Manage link. This will generate a dropdown menu with several options.\n\n3) Select the Upcoming Orders option and then click Skip Shipment for each of the scheduled shipments that you would like to skip."}},"070a6862-5b44-4346-a5ef-034d8184d70f":{"type":"slide","settings":{"id":2,"question":"How do I update the delivery address for my coffee?","answer":"You can update your delivery address through your Grounds &amp; Hounds customer account.\n\nSteps:\n\n1) Log into your Grounds &amp; Hounds customer account and click on the Manage Subscriptions link under your name.\n\n2) To change your subscription delivery address, click on the Manage link. This will generate a dropdown menu with several options.\n\n3) Select the Update Address option and enter the new address where you would like for your coffee to be delivered"}},"0aec51a6-7a2c-44dc-b9c3-fba4ffb29d5e":{"type":"slide","settings":{"id":3,"question":"I would love to try your other coffees! Can I swap products for my next shipment?","answer":"You can easily swap products through your Grounds & Hounds customer account.\n\nSteps:\n\n1) Log into your Grounds & Hounds customer account and click on the Manage Subscriptions link under your name.\n\n2) To swap products, click on the Manage link. This will generate a dropdown menu with several options.\n\n3) Click the Swap Product option and select the new coffee you would like to be delivered."}},"4b6b224b-1b73-4e3f-801f-09e25a8661ab":{"type":"slide","settings":{"id":4,"question":"I am running out of coffee before my next shipment arrives, what should I do?","answer":"You have the ability to adjust the quantity of coffee you receive or the delivery timeframe of your subscription. If you are running out of coffee before your next coffee delivery, consider increasing the number of bags per delivery or shortening the delivery interval (i.e. from 1x per month to 1x per every 3 weeks).\n\nSteps:\n\n1) Log into your Grounds & Hounds customer account and click on the Manage Subscriptions link just under your name.\n\n2) To adjust frequency, click on the current frequency indicated. This will generate a delivery interval pop up where you can adjust the delivery interval for this subscription. Note that this will change the delivery interval for all future deliveries.\n\n3) To adjust quantity delivered click on the Manage link. This will generate a dropdown menu with several options. Select the Product (Qty) option increase\/decrease quantity as desired."}}},"block_order":["4108375c-de46-456b-9792-cf16c2f521cb","b6f3f8f6-2fd9-421b-aa52-a151b6d6b3ba","070a6862-5b44-4346-a5ef-034d8184d70f","0aec51a6-7a2c-44dc-b9c3-fba4ffb29d5e","4b6b224b-1b73-4e3f-801f-09e25a8661ab"],"settings":{}},"mission-explore":{"type":"mission-explore","settings":{"title":"EXPLORE","hero_img_one_img":"shopify:\/\/shop_images\/GH-GridMenu-Square-Coffee_600x600_1.jpg","hero_img_one_link":"","hero_img_two_img":"shopify:\/\/shop_images\/GH-GridMenu-Square-Apparel_600x600_1.jpg","hero_img_two_link":"","hero_img_three_img":"shopify:\/\/shop_images\/GH-GridMenu-Square-HomeLiving_600x600_1.jpg","hero_img_thre_link":"","hero_img_four_link":"","hero_img_five_link":""}},"newsletter":{"type":"newsletter","settings":{"section_title":"Subscribe to our newsletter","subheading":"<p>Promotions, new products and sales. Directly to your inbox.<\/p>","show_background":true}},"video":{"type":"video","settings":{"image":"shopify:\/\/shop_images\/maxresdefault.png","image_position":"center center","video_link":"https:\/\/youtu.be\/otEXJvIV3B0?list=TLGGXkGWwZIRmX8xMTA5MjAyMQ","show_overlay":true,"style":"image_with_play","height":"large","video_title":"","text_size":"medium"}},"mission-hero1":{"type":"mission-hero1","settings":{"image":"shopify:\/\/shop_images\/Grounds-and-Hounds-Coffee-11.13.195169_1900x.progressive_d1ceff30-18c8-44db-aefe-d0e2af8ae14d.jpg","alignment":"center","hero_layout":"full_width","hero_size":"large","text_size":"medium","small_title":"","title":"OUR MISSION","text":"<p><br\/>AT GROUNDS & HOUNDS COFFEE CO.®, WE BELIEVE THAT GREAT COFFEE CAN FUEL A GREATER PURPOSE. THROUGH THE SALE OF OUR ORGANIC AND ECO-FRIENDLY SPECIALTY COFFEES, WE SUPPORT RESCUE INITIATIVES AND ORGANIZATIONS PROVIDING A SECOND CHANCE FOR PUPS IN NEED OF A HELPING HAND. 20% OF ALL GROUNDS & HOUNDS PROFITS ARE DEPLOYED TO OUR RESCUE ORGANIZATIONS WORKING TO MAKE THE SECOND-CHANCE MISSION A REALITY.<\/p>","button_label":"","button_link":"","button_label_two":"","button_link_two":""}},"mission-hero2":{"type":"mission-hero2","settings":{"image":"shopify:\/\/shop_images\/Jordan_Molly_on_Couch_Close_up_1900x.progressive_b3fd4cbe-fe9b-48fe-874f-01fe74ff0906.jpg","alignment":"center","hero_layout":"full_width","hero_size":"x-large","text_size":"medium","small_title":"","title":"OUR STORY","text":"<p><br\/>In the spring of 2012, I unexpectedly stumbled upon a dog adoption operating on the side of Montana Avenue in Santa Monica, CA. I was in no way planning, or prepared to adopt a rescue animal when I left the house that morning, but when a malnourished, brown and white, Dalmatian crawled into my lap, it was clear that I would be welcoming a new member to my family. She immediately became the center of my life and I cannot imagine a day without her.<\/p>","button_label":"- Jordan Karcher, Founder & CEO","button_link":"#","button_label_two":"","button_link_two":""}},"mission-text-block1":{"type":"mission-text-block1","settings":{"alignment":"center","hero_layout":"full_width","hero_size":"medium","text_size":"medium","title":"","text":"<p>To our four-legged friends, each day is a new adventure, full of possibilities and excitement. Grounds & Hounds Coffee Co. was born out of our passion to give back to the animals who selflessly provide us with so much happiness.<\/p><p><br\/>20% of all profits generated by Grounds & Hounds Coffee Co. are used to fund innovative and impactful rescue programs throughout the country. We strive to support the hard-working organizations and volunteers who fight for our friends day in and day out, and we promise to deliver an amazing cup of coffee along the way! <\/p><p><br\/>All Grounds & Hounds green coffee 100% Arabica, specialty grade coffee. After sourcing our green coffee from the top growing regions around the world (Peru, Colombia, Sumatra, Papua New Guinea, Ethiopia, Mexico, Guatemala, and Nicaragua), we then let our master roaster go to work. Our coffees are small batch roasted and require the skillful hand of our roast master to create the perfect beans for the perfect brew.<\/p><p><br\/>We have a chance to do something great, and we would love for you to join us.<br\/><\/p>","button_label":"SHOP NOW","button_link":"#"}},"mission-text-block2":{"type":"mission-text-block2","settings":{"alignment":"center","hero_layout":"full_width","hero_size":"medium","text_size":"medium","title":"","text":"<p><br\/>Meeting Molly opened my eyes to the world of animal rescue. I had familiarity with the work undertaken by rescue organizations and shelters prior to Molly, but I never truly knew the urgency and magnitude of the animal overpopulation and animal welfare issues in our country (as well as abroad).<br\/><br\/>Upon learning that over 2 million dogs were euthanized in the U.S each year, there was no way I could be a sideline observer.<br\/><br\/>With my spotted friend serving as daily inspiration, I set out to create an amazing portfolio of coffees that catalyzed sustainable change at the ground level, while also providing the perfect excuse to enjoy 15 more minutes with your best friend each morning. And the most important thing I have learned along the way, is that maybe happiness can’t be bought, but it can surely be rescued!<br\/><br\/>We hope every coffee sipping, rescue loving, pet parent gives our coffee a try and joins us in changing the world one cup and one pup at a time!<\/p>","button_label":"","button_link":""}},"collection-template":{"type":"collection-template","settings":{"layout":"grid","grid":3,"rows":2,"show_collection_image":true,"show_vendor":false,"sort_enable":true,"tags_enable":true}}},"content_for_index":["1629825648ffdba011","collection","hero-1","16303493416c94a4c2","16301609291f7f6856","16301573077fe02777","1630148093af520ecf","hero-2","16301442424e94c5c8"]},"presets":{"Default":{"sections":{"header":{"type":"header","settings":{}},"hero-1":{"type":"hero","settings":{"hero_size":"large","text_size":"large"}},"feature-row":{"type":"feature-row","settings":{}},"feature-columns":{"type":"feature-columns","blocks":{"feature-columns-0":{"type":"text_block","settings":{}},"feature-columns-1":{"type":"text_block","settings":{}},"feature-columns-2":{"type":"text_block","settings":{}}},"block_order":["feature-columns-0","feature-columns-1","feature-columns-2"],"settings":{"title":""}},"collection":{"type":"collection","settings":{"grid":4}},"hero-2":{"type":"hero","settings":{"text_size":"large"}},"quotes":{"type":"quotes","blocks":{"quotes-0":{"type":"quote","settings":{}},"quotes-1":{"type":"quote","settings":{}},"quotes-2":{"type":"quote","settings":{}}},"block_order":["quotes-0","quotes-1","quotes-2"],"settings":{"title":""}},"image-bar":{"type":"image-bar","blocks":{"image-bar-0":{"type":"image","settings":{}},"image-bar-1":{"type":"image","settings":{}},"image-bar-2":{"type":"image","settings":{}}},"block_order":["image-bar-0","image-bar-1","image-bar-2"],"settings":{}},"footer":{"type":"footer","blocks":{"footer-0":{"type":"link_list","settings":{}},"footer-1":{"type":"newsletter","settings":{}}},"block_order":["footer-0","footer-1"],"settings":{"show_payment_icons":true}}},"content_for_index":["hero-1","feature-row","feature-columns","collection","hero-2","quotes","image-bar"]},"Light":{"color_text":"#162950","color_body_text":"#6d6d6d","color_sale_text":"#DA2F0C","color_borders":"#e4e4e4","color_button":"#DA2F0C","color_button_text":"#ffffff","color_small_button_text_border":"#162950","color_text_field":"#ffffff","color_text_field_text":"#162950","color_text_field_border":"#909090","color_image_overlay_text":"#ffffff","color_image_overlay":"#3d3d3d","image_overlay_opacity":40,"color_body_bg":"#f8f8f8","type_header_font":"muli_n6","type_header_base_size":26,"type_base_font":"muli_n4","type_base_size":18,"share_facebook":true,"share_twitter":true,"share_pinterest":true,"social_twitter_link":"","social_facebook_link":"","social_pinterest_link":"","social_instagram_link":"","social_tumblr_link":"","social_snapchat_link":"","social_youtube_link":"","social_vimeo_link":"","favicon":"","checkout_header_image":"","checkout_logo_image":"","checkout_logo_position":"left","checkout_logo_size":"small","checkout_body_background_image":"","checkout_body_background_color":"#ffffff","checkout_input_background_color_mode":"white","checkout_sidebar_background_image":"","checkout_sidebar_background_color":"#e8f3f6","checkout_heading_font":"Roboto","checkout_body_font":"Source Sans Pro","checkout_accent_color":"#1990c6","checkout_button_color":"#23314e","checkout_error_color":"#ff6d6d","sections":{"header":{"type":"header","settings":{"align_logo":"left","logo":"","logo_max_width":135,"main_linklist":"main-menu","message":true,"color_bg":"#162950","color_text":"#ffffff"}},"hero":{"type":"hero","settings":{"alignment":"center","hero_size":"x-large","text_size":"large"}},"slideshow":{"type":"slideshow","blocks":{"slideshow-0":{"type":"image","settings":{"image":"","alignment":"center center"}},"1492095993817":{"type":"image","settings":{"image":"","alignment":"center"}}},"block_order":["slideshow-0","1492095993817"],"settings":{"slideshow_height":"medium","text_size":"medium","autorotate":false,"autorotate_speed":5}},"featured-collections":{"type":"collection","settings":{"grid":3,"rows":1,"show_vendor":true,"show_view_all":true}},"product-template":{"type":"product-template","settings":{"show_quantity_selector":false,"show_vendor":false,"show_share_buttons":true,"media_size":"medium","enable_image_zoom":true,"enable_video_looping":false}},"collection-template":{"type":"collection-template","settings":{"layout":"grid","grid":2,"rows":2,"show_collection_image":true,"show_vendor":false,"sort_enable":true,"tags_enable":true}},"1492033809691":{"type":"map","settings":{}},"1492033877875":{"type":"quotes","blocks":{"1492033877875-0":{"type":"quote","settings":{}}},"block_order":["1492033877875-0"],"settings":{}},"1492033924902":{"type":"custom-content","blocks":{"1492033924902-0":{"type":"text","settings":{"width":"100%","alignment":"center","align_text":"center"}}},"block_order":["1492033924902-0"],"settings":{"title":""}},"1492096252560":{"type":"collection-list","blocks":{"1492096252560-0":{"type":"featured_collection","settings":{}},"1492096252560-1":{"type":"featured_collection","settings":{}},"1492096252560-2":{"type":"featured_collection","settings":{}}},"block_order":["1492096252560-0","1492096252560-1","1492096252560-2"],"settings":{"grid":3}},"blog-template":{"type":"blog-template","settings":{"layout":"grid","blog_show_author":true,"blog_show_date":false}},"article-template":{"type":"article-template","settings":{"blog_show_author":true,"blog_show_date":true,"show_share_buttons":true}},"cart-template":{"type":"cart-template","settings":{"cart_notes_enable":false}},"footer":{"type":"footer","blocks":{"link_list":{"type":"link_list","settings":{}},"text":{"type":"text","settings":{}},"newsletter":{"type":"newsletter","settings":{}}},"block_order":["link_list","text","newsletter"],"settings":{"color_footer_bg":"#f8f8f8","color_footer_text":"#6d6d6d"}}},"content_for_index":["hero","featured-collections","slideshow","1492033924902","1492096252560","1492033877875","1492033809691"]}}}